id,category,test,steps,expected,status,evidence,notes
V5-001,视觉与主题,主工作区,1440/1280打开编辑器，系统分别设浅色和深色,始终冰蓝白，无黑色画布/面板,已验证,05-workflow-dark-os-1600.png; 04-workflow-1280.png,本地前端验证；不代表远程 CI 或完整发布验收。
V5-002,视觉与主题,主图一致性,对照主图01检查节点/工具条/检查器,保留质感与比例，不退成灰线框,已映射,source-inventory.csv / modules.csv / nodes.csv；logs/frontend-delivery-tests.log,本次范围为前端呈现与既有回归。该项完整条件未在真实环境逐项执行，待发布验收。
V5-003,视觉与主题,全局导航,打开常用模块和全部模块,浅色导航、文字可见、原入口和权限仍在,已验证,20-module-directory.png,本地前端验证；不代表远程 CI 或完整发布验收。
V5-004,视觉与主题,弹出层,逐一打开Tooltip/Popover/Modal/Toast,白/浅蓝底，无默认黑底,已映射,source-inventory.csv / modules.csv / nodes.csv；logs/frontend-delivery-tests.log,本次范围为前端呈现与既有回归。该项完整条件未在真实环境逐项执行，待发布验收。
V5-005,视觉与主题,代码区,请求/响应/历史JSON/diff,浅色语法主题、选中文本可读,已验证,06-api-workbench-1440.png; 07-workflow-history-evidence-1440.png,本地前端验证；不代表远程 CI 或完整发布验收。
V5-006,视觉与主题,图表,打开tooltip、图例、空数据,浅色、单位清楚、无假0,已验证,14-quality-overview-1440.png,本地前端验证；不代表远程 CI 或完整发布验收。
V5-007,视觉与主题,无毛玻璃支持,关闭blur/减少透明,实底白色，信息未丢失,已验证,21-appearance-settings.png,本地前端验证；不代表远程 CI 或完整发布验收。
V5-008,视觉与主题,文字对比,检测正文/说明/控件边界,符合相应4.5/3目标且真实状态可读,已映射,source-inventory.csv / modules.csv / nodes.csv；logs/frontend-delivery-tests.log,本次范围为前端呈现与既有回归。该项完整条件未在真实环境逐项执行，待发布验收。
V5-009,视觉与主题,长文字,长流程名、URL、错误和参数,合理换行或展开，无操作被遮挡,已映射,source-inventory.csv / modules.csv / nodes.csv；logs/frontend-delivery-tests.log,本次范围为前端呈现与既有回归。该项完整条件未在真实环境逐项执行，待发布验收。
V5-010,视觉与主题,响应式,1600/1440/1280/390,主任务可用，无靠缩字硬塞三栏,已验证,05-workflow-dark-os-1600.png; 04-workflow-1280.png; 11-report-evidence-390.png,桌面编辑器在 1280/1440/1600 检查，390 仅报告。
V5-011,流程编辑与草稿,节点数量,逐项对照当前registry和历史28类,不丢节点，不伪造类型,已验证,frontend/src/flow/WorkflowDesigner.test.tsx,28 类注册项完整；start 为兼容额外映射；不是 28 类引擎实执行验收。
V5-012,流程编辑与草稿,旧节点兼容,载入condition和legacy ForEach,保持类型与原语义,已映射,source-inventory.csv / modules.csv / nodes.csv；logs/frontend-delivery-tests.log,本次范围为前端呈现与既有回归。该项完整条件未在真实环境逐项执行，待发布验收。
V5-013,流程编辑与草稿,真实端口,对照schema检查handle,无按装饰端点新增真实端口,已验证,frontend/src/flow/WorkflowDesigner.test.tsx,沿用现有真实 handle 模型，非新增装饰性执行端口。
V5-014,流程编辑与草稿,拖放添加,鼠标与键盘按已有方式添加,真实图新增正确类型,已映射,source-inventory.csv / modules.csv / nodes.csv；logs/frontend-delivery-tests.log,本次范围为前端呈现与既有回归。该项完整条件未在真实环境逐项执行，待发布验收。
V5-015,流程编辑与草稿,复制粘贴,跨选择集复制节点和引用,ID与引用规则按原逻辑,已映射,source-inventory.csv / modules.csv / nodes.csv；logs/frontend-delivery-tests.log,本次范围为前端呈现与既有回归。该项完整条件未在真实环境逐项执行，待发布验收。
V5-016,流程编辑与草稿,撤销重做,添加/移动/删节点/改连线,状态和历史栈一致,已映射,source-inventory.csv / modules.csv / nodes.csv；logs/frontend-delivery-tests.log,本次范围为前端呈现与既有回归。该项完整条件未在真实环境逐项执行，待发布验收。
V5-017,流程编辑与草稿,连线操作,插入节点、重连、非法连接,原校验与行为保持,已映射,source-inventory.csv / modules.csv / nodes.csv；logs/frontend-delivery-tests.log,本次范围为前端呈现与既有回归。该项完整条件未在真实环境逐项执行，待发布验收。
V5-018,流程编辑与草稿,自动布局,手动触发并切换主题,只在显式触发时改坐标,已映射,source-inventory.csv / modules.csv / nodes.csv；logs/frontend-delivery-tests.log,本次范围为前端呈现与既有回归。该项完整条件未在真实环境逐项执行，待发布验收。
V5-019,流程编辑与草稿,节点apply,修改未应用，再apply,图只在apply后dirty,已验证,frontend/src/flow/WorkflowNodeEditSession.test.tsx,本地前端验证；不代表远程 CI 或完整发布验收。
V5-020,流程编辑与草稿,未应用切节点,修改后选其他节点,应用/丢弃/取消可用，不丢输入,已验证,22-node-switch-confirmation.png; frontend/src/flow/WorkflowDesigner.test.tsx; qa-association-settings-result.log,本轮应用/取消浏览器验证；丢弃有组件回归；保留节点输入与图草稿边界。
V5-021,流程编辑与草稿,保存成功,apply后发起保存,只确认提交版本，显示真实状态,已映射,source-inventory.csv / modules.csv / nodes.csv；logs/frontend-delivery-tests.log,本次范围为前端呈现与既有回归。该项完整条件未在真实环境逐项执行，待发布验收。
V5-022,流程编辑与草稿,保存失败,模拟超时/错误,保留dirty与数据，可重试,已映射,source-inventory.csv / modules.csv / nodes.csv；logs/frontend-delivery-tests.log,本次范围为前端呈现与既有回归。该项完整条件未在真实环境逐项执行，待发布验收。
V5-023,流程编辑与草稿,保存竞态,保存r12期间编辑到r13,r12成功不能清掉r13 dirty,已验证,frontend/src/features/workflows/workflow-save-concurrency.test.tsx,前端并发保存回归通过；未执行后端/真实网络保存。
V5-024,流程编辑与草稿,关tab/切项目,两层dirty均存在时离开,未应用和未保存均受保护,已映射,source-inventory.csv / modules.csv / nodes.csv；logs/frontend-delivery-tests.log,本次范围为前端呈现与既有回归。该项完整条件未在真实环境逐项执行，待发布验收。
V5-025,流程编辑与草稿,session隔离,不同用户/项目与旧tab恢复,不串草稿，不因主题清空存储,已验证,frontend/src/features/workflows/workflow-session.test.tsx,本地前端验证；不代表远程 CI 或完整发布验收。
V5-026,流程编辑与草稿,快捷键上下文,输入框/代码/弹窗中按快捷键,不误删图、不拦截文本操作,已验证,frontend/src/flow/editor/use-canvas-hotkeys.test.tsx,本地前端验证；不代表远程 CI 或完整发布验收。
V5-027,控制流与数据关系,数据来源,选择可解析变量节点,来源名/路径/作用域正确,已映射,frontend/src/flow/WorkflowNodeRelations.tsx; qa-association-attempt-result.log,真实直接引用可点击定位来源，表达式与变量由原定义展示；复杂表达式和完整作用域真实验收仍待执行。
V5-028,控制流与数据关系,无法解析引用,复杂表达式,显示未解析，不猜上游,已映射,source-inventory.csv / modules.csv / nodes.csv；logs/frontend-delivery-tests.log,本次范围为前端呈现与既有回归。该项完整条件未在真实环境逐项执行，待发布验收。
V5-029,控制流与数据关系,依赖线,切换依赖可视化后保存,执行edge集合不变,已验证,qa-reference-preservation-final-result.log; frontend/src/flow/editor/node-presentation.test.ts,本地前端验证；不代表远程 CI 或完整发布验收。
V5-030,控制流与数据关系,if/switch,真假/default/表达式错误,分支语义与原模型一致,已映射,source-inventory.csv / modules.csv / nodes.csv；logs/frontend-delivery-tests.log,本次范围为前端呈现与既有回归。该项完整条件未在真实环境逐项执行，待发布验收。
V5-031,控制流与数据关系,foreach/repeat,不同项/次数的嵌套执行,作用域正确，不变并行,已映射,source-inventory.csv / modules.csv / nodes.csv；logs/frontend-delivery-tests.log,本次范围为前端呈现与既有回归。该项完整条件未在真实环境逐项执行，待发布验收。
V5-032,控制流与数据关系,while/do-while/until,首轮条件与退出条件不同,先后判断保持准确,已映射,source-inventory.csv / modules.csv / nodes.csv；logs/frontend-delivery-tests.log,本次范围为前端呈现与既有回归。该项完整条件未在真实环境逐项执行，待发布验收。
V5-033,控制流与数据关系,循环上限,非法输入与耗尽运行,单位/上限/失败策略不丢失,已映射,source-inventory.csv / modules.csv / nodes.csv；logs/frontend-delivery-tests.log,本次范围为前端呈现与既有回归。该项完整条件未在真实环境逐项执行，待发布验收。
V5-034,控制流与数据关系,parallel,一分支完成、一分支失败,原join策略决定整体状态,已映射,source-inventory.csv / modules.csv / nodes.csv；logs/frontend-delivery-tests.log,本次范围为前端呈现与既有回归。该项完整条件未在真实环境逐项执行，待发布验收。
V5-035,控制流与数据关系,try/return/fail,正常/异常/返回路径,不吞异常、不改终止范围,已映射,source-inventory.csv / modules.csv / nodes.csv；logs/frontend-delivery-tests.log,本次范围为前端呈现与既有回归。该项完整条件未在真实环境逐项执行，待发布验收。
V5-036,控制流与数据关系,SQL/Redis,UI配置与请求尝试写入,现有只读与允许列表不可放宽,已映射,source-inventory.csv / modules.csv / nodes.csv；logs/frontend-delivery-tests.log,本次范围为前端呈现与既有回归。该项完整条件未在真实环境逐项执行，待发布验收。
V5-037,运行与证据,运行对象,执行草稿或发布版本,显示真实执行对象与环境,已映射,source-inventory.csv / modules.csv / nodes.csv；logs/frontend-delivery-tests.log,本次范围为前端呈现与既有回归。该项完整条件未在真实环境逐项执行，待发布验收。
V5-038,运行与证据,历史冻结,修改当前草稿后看旧run,旧预期/版本不变,已验证,24-workflow-history-trajectory-1440.png; qa-association-frozen-complete-result.log; frontend/src/pages/WorkflowsPage.test.tsx,当前草稿变量/名称/设置不覆盖冻结快照；返回编辑后恢复；原流程删除后历史仍可读。隔离夹具验证，真实后端执行未重跑。
V5-039,运行与证据,节点证据,选择不同node/attempt,请求与结果属于正确节点,已验证,frontend/src/flow/WorkflowRunInspector.test.tsx; frontend/src/pages/ReportsPage.test.tsx; qa-association-attempt-result.log,执行/节点/第1次请求经报告与画布双向跳转、刷新保持一致；同节点再选不重置attempt。真实后端执行样本未新增。
V5-040,运行与证据,循环证据,切item/index/嵌套路径,不串循环项,已映射,source-inventory.csv / modules.csv / nodes.csv；logs/frontend-delivery-tests.log,本次范围为前端呈现与既有回归。该项完整条件未在真实环境逐项执行，待发布验收。
V5-041,运行与证据,并行证据,切不同分支/子流程,不串branch/subflow,已映射,source-inventory.csv / modules.csv / nodes.csv；logs/frontend-delivery-tests.log,本次范围为前端呈现与既有回归。该项完整条件未在真实环境逐项执行，待发布验收。
V5-042,运行与证据,选择竞态,慢请求A后快速选择B,A回包不覆盖B,已映射,frontend/src/flow/WorkflowRunInspector.tsx；现有选择与查询作用域,慢请求A后选择B的完整竞态条件未在本次浏览器逐项运行；不以节点/attempt测试代替该验收。
V5-043,运行与证据,HTTP与断言,HTTP200且断言失败,分别显示，运行不能假通过,已验证,06-api-workbench-1440.png; frontend/src/pages/ApiConsolePage.test.tsx,隔离返回 HTTP200 + 金额断言失败；失败 Toast 与失败证据一致。
V5-044,运行与证据,缺字段,检查点/响应未提供,显示未提供而非0或通过,已验证,frontend/src/features/evidence/AssertionEvidence.test.tsx; frontend/src/flow/WorkflowRunInspector.test.tsx,本地前端验证；不代表远程 CI 或完整发布验收。
V5-045,运行与证据,重跑资格,不支持或权限不足的重跑,给原因，不发请求,已映射,source-inventory.csv / modules.csv / nodes.csv；logs/frontend-delivery-tests.log,本次范围为前端呈现与既有回归。该项完整条件未在真实环境逐项执行，待发布验收。
V5-046,运行与证据,只读回看,打开历史/证据tabs,不触发有副作用请求,已验证,qa-association-frozen-complete-result.log; qa-association-attempt-result.log,历史/设置只读、来源导航及双向证据跳转实测零后端资产写入或目标请求；浏览器使用隔离契约夹具。
V5-047,运行与证据,网络中断,运行中断网/恢复,状态待确认，不宣称完成,已映射,source-inventory.csv / modules.csv / nodes.csv；logs/frontend-delivery-tests.log,本次范围为前端呈现与既有回归。该项完整条件未在真实环境逐项执行，待发布验收。
V5-048,运行与证据,新运行,重新运行/重放成功,新run不覆盖历史,已映射,source-inventory.csv / modules.csv / nodes.csv；logs/frontend-delivery-tests.log,本次范围为前端呈现与既有回归。该项完整条件未在真实环境逐项执行，待发布验收。
V5-049,接口资产与报告,继承头,全局/接口头覆盖与禁用,沿用真实合并与遮罩规则,已映射,source-inventory.csv / modules.csv / nodes.csv；logs/frontend-delivery-tests.log,本次范围为前端呈现与既有回归。该项完整条件未在真实环境逐项执行，待发布验收。
V5-050,接口资产与报告,重复参数,同名键多行发送/保存,不被对象化去重,已映射,source-inventory.csv / modules.csv / nodes.csv；logs/frontend-delivery-tests.log,本次范围为前端呈现与既有回归。该项完整条件未在真实环境逐项执行，待发布验收。
V5-051,接口资产与报告,禁用参数,编辑/保存/发送,禁用状态保持,已映射,source-inventory.csv / modules.csv / nodes.csv；logs/frontend-delivery-tests.log,本次范围为前端呈现与既有回归。该项完整条件未在真实环境逐项执行，待发布验收。
V5-052,接口资产与报告,文件引用,已有关联文件,不把路径或秘密当普通文本,已映射,source-inventory.csv / modules.csv / nodes.csv；logs/frontend-delivery-tests.log,本次范围为前端呈现与既有回归。该项完整条件未在真实环境逐项执行，待发布验收。
V5-053,接口资产与报告,认证,密码/token/cURL复制,保持原脱敏权限,已映射,source-inventory.csv / modules.csv / nodes.csv；logs/frontend-delivery-tests.log,本次范围为前端呈现与既有回归。该项完整条件未在真实环境逐项执行，待发布验收。
V5-054,接口资产与报告,导入,文档导入预览/冲突合并,原工作流仍完整,已映射,source-inventory.csv / modules.csv / nodes.csv；logs/frontend-delivery-tests.log,本次范围为前端呈现与既有回归。该项完整条件未在真实环境逐项执行，待发布验收。
V5-055,接口资产与报告,版本冲突,资产服务端版本改变,不静默覆盖,已映射,source-inventory.csv / modules.csv / nodes.csv；logs/frontend-delivery-tests.log,本次范围为前端呈现与既有回归。该项完整条件未在真实环境逐项执行，待发布验收。
V5-056,接口资产与报告,最终目标,切Service/环境Variant,预览与真实请求目标一致,已映射,source-inventory.csv / modules.csv / nodes.csv；logs/frontend-delivery-tests.log,本次范围为前端呈现与既有回归。该项完整条件未在真实环境逐项执行，待发布验收。
V5-057,接口资产与报告,用例发布,绑定已发布流程与套件,版本状态与执行结果分开,已验证,assets-targeted-final.log; assets-frontend-all.log; 28-assets-list-1440.png; 32-suite-fixed-versions-1440.png,本地前端：固定发布绑定/套件成员、独立结果、计划/显式执行/报告关联。真实后端发布执行、全历史聚合和导入导出未验收。
V5-058,接口资产与报告,批量范围,跨页选择/删除/导出,对象范围明确,已验证,frontend/src/pages/TestAssetsWorkspace.test.tsx; 17-assets-1440.png,目录仅当前已加载记录；切目录清除选择；未改变服务端分页/批量接口。
V5-059,接口资产与报告,失败筛选,选择仅失败,结果列表无通过记录混入,已验证,frontend/src/pages/ReportsPage.test.tsx,本地前端验证；不代表远程 CI 或完整发布验收。
V5-060,接口资产与报告,统计分母,后端total与当前页不同,每项指标标范围，分母正确,已验证,frontend/src/pages/ReportsPage.test.tsx; logs/association-mobile-report-tests.log,后端total/本页指标分开，并已连接服务端分页；每页50条；当前页失败筛选沿用标注范围。
V5-061,接口资产与报告,导出,报告/请求导出,冻结证据与脱敏保持,已映射,source-inventory.csv / modules.csv / nodes.csv；logs/frontend-delivery-tests.log,本次范围为前端呈现与既有回归。该项完整条件未在真实环境逐项执行，待发布验收。
V5-062,接口资产与报告,移动报告,390px长错误/JSON/定位,可阅读，无桌面三栏硬缩,已验证,26-report-workspace-390.png; qa-association-mobile-final-result.log,390px报告证据和冻结上下文单列；轨迹内横向滚动自动显示当前节点；页面宽390，无横向溢出。
V5-063,环境审核治理,环境语义,打开环境实验室,受控模板/实例/TTL，不是变量页,已映射,source-inventory.csv / modules.csv / nodes.csv；logs/frontend-delivery-tests.log,本次范围为前端呈现与既有回归。该项完整条件未在真实环境逐项执行，待发布验收。
V5-064,环境审核治理,环境安全,创建/清理界面,不增加任意命令/Compose/volume,已映射,source-inventory.csv / modules.csv / nodes.csv；logs/frontend-delivery-tests.log,本次范围为前端呈现与既有回归。该项完整条件未在真实环境逐项执行，待发布验收。
V5-065,环境审核治理,性能默认,打开性能配置,不自动发起负载/改变阈值,已映射,source-inventory.csv / modules.csv / nodes.csv；logs/frontend-delivery-tests.log,本次范围为前端呈现与既有回归。该项完整条件未在真实环境逐项执行，待发布验收。
V5-066,环境审核治理,门禁缺证据,必需证据缺失/过期,不得PASS/假数据,已验证,frontend/src/pages/ReleaseGatePage.test.tsx; 18-release-gate-1440.png,服务端 BLOCK/缺失原因透传；未生成真实发布判断。
V5-067,环境审核治理,门禁动作,PASS/BLOCK页面操作,不是生产部署，审批按现有支持,已验证,18-release-gate-1440.png,本地前端验证；不代表远程 CI 或完整发布验收。
V5-068,环境审核治理,AI提案,生成/Review/Apply,先预览/审核再落草稿,已映射,source-inventory.csv / modules.csv / nodes.csv；logs/frontend-delivery-tests.log,本次范围为前端呈现与既有回归。该项完整条件未在真实环境逐项执行，待发布验收。
V5-069,环境审核治理,MCP高风险,批准/逐项接受,不绕过审批与限制,已映射,source-inventory.csv / modules.csv / nodes.csv；logs/frontend-delivery-tests.log,本次范围为前端呈现与既有回归。该项完整条件未在真实环境逐项执行，待发布验收。
V5-070,环境审核治理,组织权限,各角色访问组织/执行面/平台,守卫差异保持,已验证,frontend/src/App.test.tsx; frontend/src/pages/OrganizationGovernancePage.test.tsx; frontend/src/pages/ExecutionFabricPage.test.tsx,26/24 入口及既有治理组件单元回归；真实各角色登录验收未运行。
V5-071,环境审核治理,一次性秘密,生成token/刷新/返回,只写/一次展示规则不变,已映射,source-inventory.csv / modules.csv / nodes.csv；logs/frontend-delivery-tests.log,本次范围为前端呈现与既有回归。该项完整条件未在真实环境逐项执行，待发布验收。
V5-072,环境审核治理,未开放能力,插件安装等feature关闭,不给假可用按钮,已映射,source-inventory.csv / modules.csv / nodes.csv；logs/frontend-delivery-tests.log,本次范围为前端呈现与既有回归。该项完整条件未在真实环境逐项执行，待发布验收。
V5-073,质量与交付,特殊状态,登录/改密/无权限/空错态,同主题且原认证逻辑不变,已验证,frontend/src/App.test.tsx,本地前端验证；不代表远程 CI 或完整发布验收。
V5-074,质量与交付,键盘焦点,导航/抽屉/模态/检查器,可达、可见、关闭后返回,已验证,frontend/src/features/navigation/ShellSidebar.test.tsx; frontend/src/flow/WorkflowWorkspaceShell.test.tsx; frontend/src/flow/WorkflowEditorSurfaces.test.tsx,新增目录/列表抽屉关闭焦点恢复及既有检查器测试；不是完整屏幕阅读器审计。
V5-075,质量与交付,减弱动效,系统减少动效,非必要动画取消，状态仍可见,已验证,frontend/src/theme/use-reduced-motion.ts; qa-appearance-delivery-result.log,Antd/图表/画布响应系统减少动效；非必要 CSS 动画取消。
V5-076,质量与交付,图规模,同环境小/中/大图前后对照,不凭空宣称性能提升,已映射,source-inventory.csv / modules.csv / nodes.csv；logs/frontend-delivery-tests.log,本次范围为前端呈现与既有回归。该项完整条件未在真实环境逐项执行，待发布验收。
V5-077,质量与交付,工作区保护,对比修改前后status/diff,不覆盖原有修改/编码,已验证,git-status-delivery.log; git-diff-delivery.patch,原工作区基线干净，改动仅在独立工作树；无 reset/clean/数据库操作。
V5-078,质量与交付,当前版本,核对lockfile与baseline差异,不为适配设计升级全部依赖,已验证,git-diff-delivery.patch；package.json/锁文件未修改,本地前端验证；不代表远程 CI 或完整发布验收。
V5-079,质量与交付,真实测试,检查测试日志与截图来源,未测不写通过，不用原型替代,已验证,logs/frontend-delivery-tests.log；浏览器只读隔离夹具,日志记录实际 102 文件 555 测试；不以原型渲染作为实现通过。
V5-080,质量与交付,回滚,回退本次主题/组件挂接,不清数据库/草稿/session,已映射,source-inventory.csv / modules.csv / nodes.csv；logs/frontend-delivery-tests.log,本次范围为前端呈现与既有回归。该项完整条件未在真实环境逐项执行，待发布验收。
