id,module,requirement,status,evidence,notes
R01,报告,协议断言期望实际证据,定向验证通过,backend/tests/test_reporting_api.py;frontend/src/pages/ReportsPage.test.tsx;frontend/src/flow/WorkflowRunInspector.test.tsx,先复现后修复；本轮完整本地与最新提交远程门禁单独记录；真实环境综合验收待执行
R02,报告与编排,结构控制实例检查点日志工作区,定向验证通过,backend/tests/test_reporting_api.py;frontend/src/pages/ReportsPage.test.tsx;frontend/src/flow/WorkflowRunInspector.test.tsx,复用真实控制记录与实例接口；本轮完整本地与最新提交远程门禁单独记录；真实环境综合验收待执行
R03,跨页定位,保留复杂执行上下文,定向验证通过,backend/tests/test_reporting_api.py;frontend/src/pages/ReportsPage.test.tsx;frontend/src/flow/WorkflowRunInspector.test.tsx;frontend/src/pages/WorkflowsPage.test.tsx;frontend/e2e/workflow-editor-visual.spec.ts,不增加虚构后端参数；未带focus的目录打开快照时补齐记录所属流程，历史列表保持可见；本轮完整本地与最新提交远程门禁单独记录；真实环境综合验收待执行
R04,报告导出,完整冻结证据及未知值,定向验证通过,backend/tests/test_reporting_api.py;frontend/src/pages/ReportsPage.test.tsx;frontend/src/flow/WorkflowRunInspector.test.tsx,完整冻结执行树与授权子运行；新快照冻结名称；循环和深度越界明确失败；本轮完整检查与真实环境验收分层记录
R05,报告查询,服务端状态筛选与分页,定向验证通过,backend/tests/test_reporting_api.py;frontend/src/pages/ReportsPage.test.tsx;frontend/src/flow/WorkflowRunInspector.test.tsx,复用已有status查询；本轮完整本地与最新提交远程门禁单独记录；真实环境综合验收待执行
R06,报告证据,外置响应下载,定向验证通过,backend/tests/test_reporting_api.py;frontend/src/pages/ReportsPage.test.tsx;frontend/src/flow/WorkflowRunInspector.test.tsx,沿用已有授权下载；本轮完整本地与最新提交远程门禁单独记录；真实环境综合验收待执行
C01,用例与套件,原生导入导出,定向验证通过,backend/tests/test_tasking_api.py;frontend/src/features/test-assets/AssetPackageDialog.test.tsx;frontend/src/features/test-assets/asset-package-service.test.ts,原生版本包固定引用、冲突预览和整批事务；本轮完整本地与最新提交远程门禁单独记录；真实环境综合验收待执行
C02,用例与套件,单项与批量删除,定向验证通过,backend/tests/test_tasking_api.py;backend/tests/test_asset_archival_migration.py;frontend/src/features/test-assets/AssetDeletionDialog.test.tsx,本轮完整本地与最新提交远程门禁单独记录；真实环境综合验收待执行
C03,用例历史,按用例版本分页运行历史,定向验证通过,backend/tests/test_tasking_api.py;frontend/src/features/test-assets/AssetRunEvidence.test.tsx,保留最近结果；本轮完整本地与最新提交远程门禁单独记录；真实环境综合验收待执行
C04,套件历史,按套件版本分页运行历史,定向验证通过,backend/tests/test_tasking_api.py;frontend/src/features/test-assets/AssetRunEvidence.test.tsx,取消最近20次窗口限制；本轮完整本地与最新提交远程门禁单独记录；真实环境综合验收待执行
W01,流程列表,完整分页和搜索,定向验证通过,backend/tests/test_tasking_api.py;frontend/src/pages/WorkflowsPage.test.tsx;frontend/src/features/workflows/use-workflow-tabs.test.tsx,补齐服务端搜索分页并保留页外对象标签；本轮完整本地与最新提交远程门禁单独记录；真实环境综合验收待执行
W02,全局工作区,流程接口报告对象标签,定向验证通过,frontend/src/features/navigation/WorkspaceObjectTabs.test.tsx;frontend/src/features/navigation/workspace-tab-store.test.ts;frontend/src/App.test.tsx,对象完整定位与用户项目隔离及导航取消保留草稿关闭；本轮完整本地与最新提交远程门禁单独记录；真实环境综合验收待执行
W03,编排数据关系,字段路径作用域及聚焦来源,定向验证通过,frontend/src/flow/editor/node-presentation.test.ts;frontend/src/flow/WorkflowNodeRelations.test.tsx;frontend/src/flow/WorkflowDesigner.test.tsx,来源路径作用域与未解析表达式仅作展示；本轮完整本地与最新提交远程门禁单独记录；真实环境综合验收待执行
W04,编排节点库,缺资源配置引导,定向验证通过,frontend/src/flow/WorkflowResourceNavigation.test.tsx;frontend/src/flow/WorkflowDesigner.test.tsx;frontend/src/pages/ProtocolWorkbenchPage.test.tsx;frontend/src/flow/WorkflowResourceSelect.test.tsx,同项目返回定位及资源重新读取；本轮完整本地与最新提交远程门禁单独记录；真实环境综合验收待执行
A01,接口管理,资产历史选择与冻结详情,定向验证通过,backend/tests/test_execution_api.py;frontend/src/features/api-console/use-api-executions.test.tsx;frontend/src/pages/ApiConsolePage.test.tsx,真实资产归属分页冻结详情与直接链接及异步隔离；本轮完整本地与最新提交远程门禁单独记录；真实环境综合验收待执行
C05,用例目录,工作区就地目录维护,定向验证通过,frontend/src/features/projects/FolderManagementPanel.test.tsx;frontend/src/pages/TestAssetsWorkspace.test.tsx;backend/tests/test_access_api.py,本轮完整本地与最新提交远程门禁单独记录；真实环境综合验收待执行
D01,质量总览,风险摘要及优先问题队列,定向验证通过,frontend/src/pages/DashboardPage.test.tsx,单一风险摘要与真实问题来源优先队列及执行证据定位；本轮完整本地与最新提交远程门禁单独记录；真实环境综合验收待执行
M01,全部页面族,26模块逐项任务版式及证据,定向验证通过,docs/design/ui-v5/completeness-remediation.md;frontend/src/pages/EnvironmentLabPage.test.tsx;frontend/src/pages/PerformanceLabPage.test.tsx;frontend/src/pages/ContractHubPage.test.tsx;frontend/src/pages/MCPChangeSetsPage.test.tsx,26模块任务与权限源码复核；生命周期/冻结证据/资源分页/审核/失败和关闭功能分支已修复；全模块真实角色和视觉验收仍待执行
L01,资产规模,服务端目录过滤和聚合,定向验证通过,backend/tests/test_tasking_api.py;frontend/src/features/test-assets/use-test-assets.test.tsx;frontend/src/pages/TestAssetsWorkspace.test.tsx,本轮完整本地与最新提交远程门禁单独记录；真实环境综合验收待执行
L02,失败摘要,真实差值单位来源说明,定向验证通过,backend/tests/test_reporting_api.py;frontend/src/pages/ReportsPage.test.tsx;frontend/src/flow/WorkflowRunInspector.test.tsx,缺单位不猜测；本轮完整本地与最新提交远程门禁单独记录；真实环境综合验收待执行
L03,草稿保护,节点未应用与图未保存离开保护,定向验证通过,frontend/src/pages/WorkflowsPage.test.tsx;frontend/src/features/workflows/use-workflow-tabs.test.tsx;frontend/src/features/workflows/workflow-save-concurrency.test.tsx,未应用节点与页外草稿关闭保护及历史路由取消；本轮完整本地与最新提交远程门禁单独记录；真实环境综合验收待执行
L04,接口工作台,响应和代码阅读体验,定向验证通过,frontend/src/features/api-console/ResponseCodeReader.test.tsx;frontend/src/features/api-console/api-service.test.ts;frontend/src/pages/ApiConsolePage.test.tsx,浅色语法及格式换行有界预览与完整授权下载；本轮完整本地与最新提交远程门禁单独记录；真实环境综合验收待执行
