number,module,route_baseline,existing_path,permission_guard,handler,new_navigation,test_or_screenshot,status
1,质量总览,dashboard,frontend/src/pages/DashboardPage.tsx,登录与 ProjectProvider；项目作用域及现有服务端授权,useDashboard,常用/质量总览,frontend/src/pages/DashboardPage.test.tsx；本轮模块复核见 completeness-remediation.md,源码与公开回归复核；待综合验收
2,接口管理,apis,frontend/src/pages/ApiConsolePage.tsx,登录与 ProjectProvider；项目作用域及现有服务端授权,useApiConsole / useWatch,常用/项目与接口,frontend/src/pages/ApiConsolePage.test.tsx；本轮模块复核见 completeness-remediation.md,源码与公开回归复核；待综合验收
3,服务目录,services,frontend/src/pages/ServiceCatalogPage.tsx,登录与 ProjectProvider；项目作用域及现有服务端授权,useServiceCatalog,项目与接口,frontend/src/pages/ServiceCatalogPage.test.tsx；本轮模块复核见 completeness-remediation.md,源码与公开回归复核；待综合验收
4,请求目标,request-targets,frontend/src/pages/RequestTargetsPage.tsx,项目 capabilities.edit；影响预览/连通检查沿用既有读取授权,useProjectCapabilities / RequestTargetsWorkspace,项目与接口,frontend/src/pages/RequestTargetsPage.test.tsx；本轮模块复核见 completeness-remediation.md,源码与公开回归复核；待综合验收
5,多协议工作台,protocols,frontend/src/pages/ProtocolWorkbenchPage.tsx,登录与 ProjectProvider；项目作用域及现有服务端授权,useProtocolInventory / useSelectedAsset / useWatch,项目与接口,frontend/src/pages/ProtocolWorkbenchPage.test.tsx；本轮模块复核见 completeness-remediation.md,源码与公开回归复核；待综合验收
6,项目管理,settings,frontend/src/pages/ProjectsPage.tsx,登录与 ProjectProvider；项目作用域及现有服务端授权,useProjectsPageState / useApp,项目与接口,frontend/src/pages/ProjectsPage.test.tsx；本轮模块复核见 completeness-remediation.md,源码与公开回归复核；待综合验收
7,流程编排,workflows,frontend/src/pages/WorkflowsPage.tsx,登录与 ProjectProvider；项目 capabilities.edit 控制设计器；执行与发布沿用 useWorkflows,useWorkflows / useWorkflowTabs / useFailedRecordPage,常用/测试设计,frontend/src/pages/WorkflowsPage.test.tsx；本轮模块复核见 completeness-remediation.md,源码与公开回归复核；待综合验收
8,测试用例,assets,frontend/src/pages/TestAssetsPage.tsx,ProjectProvider；既有项目 permissions capabilities；服务端授权保持,useTestAssets / runCase / addCaseToPlan / listLatestCaseRuns / createAssetPlan / runTestPlan / getAssetRun,常用/测试设计,TestAssetsPage / TestAssetsWorkspace / AssetPlanDialog 回归；指定旧版本直接运行/加入已有计划；28–34 本地截图；本轮模块复核见 completeness-remediation.md,源码与公开回归复核；待综合验收
9,数据与 Mock,data,frontend/src/pages/DataMockPage.tsx,登录与 ProjectProvider；项目作用域及现有服务端授权,useApp / useWatch,测试设计,frontend/src/pages/DataMockPage.test.tsx；本轮模块复核见 completeness-remediation.md,源码与公开回归复核；待综合验收
10,契约中心,contracts,frontend/src/pages/ContractHubPage.tsx,项目 edit；contract_hub 开关；审核只接受人工操作,useContractHub / ContractAutomationPanel / useProjectCapabilities,测试设计,frontend/src/pages/ContractHubPage.test.tsx；本轮模块复核见 completeness-remediation.md,源码与公开回归复核；待综合验收
11,测试工程,test-engineering,frontend/src/pages/TestEngineeringPage.tsx,项目 edit 控制 Proposal 写入/审核/Apply；生成预览沿用读取权限,useTestEngineering / useProjectCapabilities,测试设计,frontend/src/pages/TestEngineeringPage.test.tsx；本轮模块复核见 completeness-remediation.md,源码与公开回归复核；待综合验收
12,任务执行,tasks,frontend/src/pages/TestPlansPage.tsx,edit 控制计划/运行写入；manage_members 控制 CI 令牌,useTestPlans / TestPlanTargetSelect / useProjectCapabilities,执行与环境,frontend/src/pages/TestPlansPage.test.tsx；本轮模块复核见 completeness-remediation.md,源码与公开回归复核；待综合验收
13,环境实验室,environments,frontend/src/pages/EnvironmentLabPage.tsx,项目 edit 控制生命周期写入；系统管理员签名模板；固定版本与能力开关,useEnvironmentLab / useProjectCapabilities,执行与环境,frontend/src/pages/EnvironmentLabPage.test.tsx；本轮模块复核见 completeness-remediation.md,源码与公开回归复核；待综合验收
14,性能实验室,performance,frontend/src/pages/PerformanceLabPage.tsx,项目 edit 控制场景及运行写入；能力开关；显式负载,usePerformanceLab / useProjectCapabilities,执行与环境,frontend/src/pages/PerformanceLabPage.test.tsx；本轮模块复核见 completeness-remediation.md,源码与公开回归复核；待综合验收
15,测试报告,reports,frontend/src/pages/ReportsPage.tsx,登录与 ProjectProvider；项目作用域及现有服务端授权,useReports,常用/质量分析,frontend/src/pages/ReportsPage.test.tsx；本轮模块复核见 completeness-remediation.md,源码与公开回归复核；待综合验收
16,影响分析,impact,frontend/src/pages/ImpactAnalysisPage.tsx,项目 edit；impact_engine 开关；精确项目内冻结运行,useImpactAnalysis / useProjectCapabilities,质量分析,frontend/src/pages/ImpactAnalysisPage.test.tsx；本轮模块复核见 completeness-remediation.md,源码与公开回归复核；待综合验收
17,变更回归,change-regression,frontend/src/pages/ChangeRegressionPage.tsx,项目 edit；逐项 Review / 人工批准；执行与语义门禁沿用后端,useChangeRegression / RegressionMaintenancePanel / useProjectCapabilities,质量分析,frontend/src/pages/ChangeRegressionPage.test.tsx；本轮模块复核见 completeness-remediation.md,源码与公开回归复核；待综合验收
18,质量中心,quality,frontend/src/pages/QualityCenterPage.tsx,项目 edit；quality_intelligence / impact_engine 按能力查询；冻结风险,useQualityCenter / useProjectCapabilities,质量分析,frontend/src/pages/QualityCenterPage.test.tsx；本轮模块复核见 completeness-remediation.md,源码与公开回归复核；待综合验收
19,发布门禁,release,frontend/src/pages/ReleaseGatePage.tsx,项目 edit 控制新评估；历史决策读取按项目授权；实际证据开关,useReleaseGate / useProjectCapabilities,常用/质量分析,frontend/src/pages/ReleaseGatePage.test.tsx；本轮模块复核见 completeness-remediation.md,源码与公开回归复核；待综合验收
20,AI 助手,ai,frontend/src/pages/AIAssistantPage.tsx,项目 edit 控制生成与审核；manage_security 控制样本设置；人工草稿,useAIReview / useProjectCapabilities,AI 与集成,frontend/src/pages/AIAssistantPage.test.tsx；本轮模块复核见 completeness-remediation.md,源码与公开回归复核；待综合验收
21,上下文检查器,contexts,frontend/src/pages/ContextInspectorPage.tsx,登录与 ProjectProvider；项目作用域及现有服务端授权,useContextInspector,AI 与集成,frontend/src/pages/ContextInspectorPage.test.tsx；本轮模块复核见 completeness-remediation.md,源码与公开回归复核；待综合验收
22,AI 变更集,ai-changes,frontend/src/pages/AIChangeSetsPage.tsx,项目 edit；校验精确 ID 的项目归属；关闭生成能力仍可查看历史人工审核,useAIChangeSets / useProjectCapabilities,AI 与集成,frontend/src/pages/AIChangeSetsPage.test.tsx；本轮模块复核见 completeness-remediation.md,源码与公开回归复核；待综合验收
23,MCP 变更集,mcp-changes,frontend/src/pages/MCPChangeSetsPage.tsx,项目 edit；精确 ID 与项目归属；高风险批准后才能人工物化草稿,MCPChangeSetWorkspace / useProjectCapabilities,AI 与集成,frontend/src/pages/MCPChangeSetsPage.test.tsx；本轮模块复核见 completeness-remediation.md,源码与公开回归复核；待综合验收
24,组织治理,/organization,frontend/src/pages/OrganizationGovernancePage.tsx,登录；canManage=系统管理员或 owner/admin；canRotate=系统管理员或 owner；创建组织仅系统管理员,useApp / useOrganizationWorkspace / useForm,系统管理,frontend/src/pages/OrganizationGovernancePage.test.tsx；本轮模块复核见 completeness-remediation.md,源码与公开回归复核；待综合验收
25,分布式执行面,/execution-fabric,frontend/src/pages/ExecutionFabricPage.tsx,仅系统管理员；runner_fabric 关闭不查询或展示写入操作,ExecutionFabricFeatureBoundary / ExecutionFabricWorkspace,系统管理,frontend/src/pages/ExecutionFabricPage.test.tsx；本轮模块复核见 completeness-remediation.md,源码与公开回归复核；待综合验收
26,平台管理,/platform,frontend/src/pages/PlatformCapabilitiesPage.tsx,管理查询仅系统管理员；安装尚未开放；缺数据不假定零,usePlatformInventory / QueryFailureNotice,系统管理,frontend/src/pages/PlatformCapabilitiesPage.test.tsx；本轮模块复核见 completeness-remediation.md,源码与公开回归复核；待综合验收
