number,group_baseline,display_type_baseline,actual_serialized_type,registry_path,handles,prerequisites,readonly_rules,evidence_model,status
1,协议,API,api,frontend/src/flow/editor/node-registry.ts; frontend/src/flow/workflow-graph.ts; frontend/src/flow/editor/control-blocks.ts,target 左；source out 右,已发布接口固定版本,历史/提案模式不允许修改；沿用现有 canEdit,WorkflowNodeExecution.result；observations/attempt；控制块内联记录沿用 iteration/branch/scope 查询,已验证
2,协议,GraphQL,capability / graphql.request @3.0.0,frontend/src/flow/editor/node-registry.ts; frontend/src/flow/workflow-graph.ts; frontend/src/flow/editor/control-blocks.ts,target 左；source out 右,GraphQL Schema,历史/提案模式不允许修改；沿用现有 canEdit,WorkflowNodeExecution.result；observations/attempt；控制块内联记录沿用 iteration/branch/scope 查询,已验证
3,协议,gRPC,capability / grpc.call @3.0.0,frontend/src/flow/editor/node-registry.ts; frontend/src/flow/workflow-graph.ts; frontend/src/flow/editor/control-blocks.ts,target 左；source out 右,gRPC Descriptor,历史/提案模式不允许修改；沿用现有 canEdit,WorkflowNodeExecution.result；observations/attempt；控制块内联记录沿用 iteration/branch/scope 查询,已验证
4,协议,Kafka produce,capability / kafka.produce @3.0.0,frontend/src/flow/editor/node-registry.ts; frontend/src/flow/workflow-graph.ts; frontend/src/flow/editor/control-blocks.ts,target 左；source out 右,Kafka 事件源,历史/提案模式不允许修改；沿用现有 canEdit,WorkflowNodeExecution.result；observations/attempt；控制块内联记录沿用 iteration/branch/scope 查询,已验证
5,协议,Kafka consume,capability / kafka.consume @3.0.0,frontend/src/flow/editor/node-registry.ts; frontend/src/flow/workflow-graph.ts; frontend/src/flow/editor/control-blocks.ts,target 左；source out 右,Kafka 事件源,历史/提案模式不允许修改；沿用现有 canEdit,WorkflowNodeExecution.result；observations/attempt；控制块内联记录沿用 iteration/branch/scope 查询,已验证
6,协议,WebSocket,capability / websocket.exchange @3.0.0,frontend/src/flow/editor/node-registry.ts; frontend/src/flow/workflow-graph.ts; frontend/src/flow/editor/control-blocks.ts,target 左；source out 右,WebSocket 事件源,历史/提案模式不允许修改；沿用现有 canEdit,WorkflowNodeExecution.result；observations/attempt；控制块内联记录沿用 iteration/branch/scope 查询,已验证
7,数据与校验,extract,extract,frontend/src/flow/editor/node-registry.ts; frontend/src/flow/workflow-graph.ts; frontend/src/flow/editor/control-blocks.ts,target 左；source out 右,现有配置/图校验,历史/提案模式不允许修改；沿用现有 canEdit,WorkflowNodeExecution.result；observations/attempt；控制块内联记录沿用 iteration/branch/scope 查询,已验证
8,数据与校验,assert,assert,frontend/src/flow/editor/node-registry.ts; frontend/src/flow/workflow-graph.ts; frontend/src/flow/editor/control-blocks.ts,target 左；source out 右,现有配置/图校验,历史/提案模式不允许修改；沿用现有 canEdit,WorkflowNodeExecution.result；observations/attempt；控制块内联记录沿用 iteration/branch/scope 查询,已验证
9,数据与校验,condition,condition,frontend/src/flow/editor/node-registry.ts; frontend/src/flow/workflow-graph.ts; frontend/src/flow/editor/control-blocks.ts,target 左；source true/false 右（现有两分支）,现有配置/图校验,历史/提案模式不允许修改；沿用现有 canEdit,WorkflowNodeExecution.result；observations/attempt；控制块内联记录沿用 iteration/branch/scope 查询,已验证
10,数据与校验,delay,delay,frontend/src/flow/editor/node-registry.ts; frontend/src/flow/workflow-graph.ts; frontend/src/flow/editor/control-blocks.ts,target 左；source out 右,现有配置/图校验,历史/提案模式不允许修改；沿用现有 canEdit,WorkflowNodeExecution.result；observations/attempt；控制块内联记录沿用 iteration/branch/scope 查询,已验证
11,数据与校验,dataset,dataset,frontend/src/flow/editor/node-registry.ts; frontend/src/flow/workflow-graph.ts; frontend/src/flow/editor/control-blocks.ts,target 左；source out 右,已上传数据集；主流程仅一个,历史/提案模式不允许修改；沿用现有 canEdit,WorkflowNodeExecution.result；observations/attempt；控制块内联记录沿用 iteration/branch/scope 查询,已验证
12,数据与校验,SQL,sql,frontend/src/flow/editor/node-registry.ts; frontend/src/flow/workflow-graph.ts; frontend/src/flow/editor/control-blocks.ts,target 左；source out 右,数据库 Credential,历史/提案模式不允许修改；沿用现有 canEdit；只读 SQL 与参数化规则未修改,WorkflowNodeExecution.result；observations/attempt；控制块内联记录沿用 iteration/branch/scope 查询,已验证
13,数据与校验,Redis,redis,frontend/src/flow/editor/node-registry.ts; frontend/src/flow/workflow-graph.ts; frontend/src/flow/editor/control-blocks.ts,target 左；source out 右,Redis Credential,历史/提案模式不允许修改；沿用现有 canEdit；只读命令允许列表未修改,WorkflowNodeExecution.result；observations/attempt；控制块内联记录沿用 iteration/branch/scope 查询,已验证
14,复用与兼容,subflow,subflow,frontend/src/flow/editor/node-registry.ts; frontend/src/flow/workflow-graph.ts; frontend/src/flow/editor/control-blocks.ts,target 左；source out 右,已发布子流程固定版本,历史/提案模式不允许修改；沿用现有 canEdit,WorkflowNodeExecution.result；observations/attempt；控制块内联记录沿用 iteration/branch/scope 查询,已验证
15,复用与兼容,legacy ForEach,for_each,frontend/src/flow/editor/node-registry.ts; frontend/src/flow/workflow-graph.ts; frontend/src/flow/editor/control-blocks.ts,target 左；source out 右,已发布子流程固定版本（旧版语义）,历史/提案模式不允许修改；沿用现有 canEdit,WorkflowNodeExecution.result；observations/attempt；控制块内联记录沿用 iteration/branch/scope 查询,已验证
16,结构化控制,foreach,capability / flow.control.foreach @1.0.0,frontend/src/flow/editor/node-registry.ts; frontend/src/flow/workflow-graph.ts; frontend/src/flow/editor/control-blocks.ts,target 左；source out 右,现有配置/图校验,历史/提案模式不允许修改；沿用现有 canEdit,WorkflowNodeExecution.result；observations/attempt；控制块内联记录沿用 iteration/branch/scope 查询,已验证
17,结构化控制,repeat,capability / flow.control.repeat @1.0.0,frontend/src/flow/editor/node-registry.ts; frontend/src/flow/workflow-graph.ts; frontend/src/flow/editor/control-blocks.ts,target 左；source out 右,现有配置/图校验,历史/提案模式不允许修改；沿用现有 canEdit,WorkflowNodeExecution.result；observations/attempt；控制块内联记录沿用 iteration/branch/scope 查询,已验证
18,结构化控制,if,capability / flow.control.if @1.0.0,frontend/src/flow/editor/node-registry.ts; frontend/src/flow/workflow-graph.ts; frontend/src/flow/editor/control-blocks.ts,target 左；source out 右,现有配置/图校验,历史/提案模式不允许修改；沿用现有 canEdit,WorkflowNodeExecution.result；observations/attempt；控制块内联记录沿用 iteration/branch/scope 查询,已验证
19,结构化控制,switch,capability / flow.control.switch @1.0.0,frontend/src/flow/editor/node-registry.ts; frontend/src/flow/workflow-graph.ts; frontend/src/flow/editor/control-blocks.ts,target 左；source out 右,现有配置/图校验,历史/提案模式不允许修改；沿用现有 canEdit,WorkflowNodeExecution.result；observations/attempt；控制块内联记录沿用 iteration/branch/scope 查询,已验证
20,结构化控制,while,capability / flow.control.while @1.0.0,frontend/src/flow/editor/node-registry.ts; frontend/src/flow/workflow-graph.ts; frontend/src/flow/editor/control-blocks.ts,target 左；source out 右,现有配置/图校验,历史/提案模式不允许修改；沿用现有 canEdit,WorkflowNodeExecution.result；observations/attempt；控制块内联记录沿用 iteration/branch/scope 查询,已验证
21,结构化控制,do-while,capability / flow.control.do_while @1.0.0,frontend/src/flow/editor/node-registry.ts; frontend/src/flow/workflow-graph.ts; frontend/src/flow/editor/control-blocks.ts,target 左；source out 右,现有配置/图校验,历史/提案模式不允许修改；沿用现有 canEdit,WorkflowNodeExecution.result；observations/attempt；控制块内联记录沿用 iteration/branch/scope 查询,已验证
22,结构化控制,until,capability / flow.control.until @1.0.0,frontend/src/flow/editor/node-registry.ts; frontend/src/flow/workflow-graph.ts; frontend/src/flow/editor/control-blocks.ts,target 左；source out 右,现有配置/图校验,历史/提案模式不允许修改；沿用现有 canEdit,WorkflowNodeExecution.result；observations/attempt；控制块内联记录沿用 iteration/branch/scope 查询,已验证
23,结构化控制,parallel,capability / flow.control.parallel @1.0.0,frontend/src/flow/editor/node-registry.ts; frontend/src/flow/workflow-graph.ts; frontend/src/flow/editor/control-blocks.ts,target 左；source out 右,现有配置/图校验,历史/提案模式不允许修改；沿用现有 canEdit,WorkflowNodeExecution.result；observations/attempt；控制块内联记录沿用 iteration/branch/scope 查询,已验证
24,结构化控制,try,capability / flow.control.try @1.0.0,frontend/src/flow/editor/node-registry.ts; frontend/src/flow/workflow-graph.ts; frontend/src/flow/editor/control-blocks.ts,target 左；source out 右,现有配置/图校验,历史/提案模式不允许修改；沿用现有 canEdit,WorkflowNodeExecution.result；observations/attempt；控制块内联记录沿用 iteration/branch/scope 查询,已验证
25,结构化控制,group,capability / flow.control.group @1.0.0,frontend/src/flow/editor/node-registry.ts; frontend/src/flow/workflow-graph.ts; frontend/src/flow/editor/control-blocks.ts,target 左；source out 右,现有配置/图校验,历史/提案模式不允许修改；沿用现有 canEdit,WorkflowNodeExecution.result；observations/attempt；控制块内联记录沿用 iteration/branch/scope 查询,已验证
26,结构化控制,fail,capability / flow.control.fail @1.0.0,frontend/src/flow/editor/node-registry.ts; frontend/src/flow/workflow-graph.ts; frontend/src/flow/editor/control-blocks.ts,target 左；source out 右,现有配置/图校验,历史/提案模式不允许修改；沿用现有 canEdit,WorkflowNodeExecution.result；observations/attempt；控制块内联记录沿用 iteration/branch/scope 查询,已验证
27,结构化控制,return,capability / flow.control.return @1.0.0,frontend/src/flow/editor/node-registry.ts; frontend/src/flow/workflow-graph.ts; frontend/src/flow/editor/control-blocks.ts,target 左；source out 右,现有配置/图校验,历史/提案模式不允许修改；沿用现有 canEdit,WorkflowNodeExecution.result；observations/attempt；控制块内联记录沿用 iteration/branch/scope 查询,已验证
28,终止,end,end,frontend/src/flow/editor/node-registry.ts; frontend/src/flow/workflow-graph.ts; frontend/src/flow/editor/control-blocks.ts,target 左；无 source,现有配置/图校验,历史/提案模式不允许修改；沿用现有 canEdit,WorkflowNodeExecution.result；observations/attempt；控制块内联记录沿用 iteration/branch/scope 查询,已验证
29,已有边界节点（不新增到节点库）,start,start；兼容 flow.start @2.0.0,frontend/src/flow/editor/node-registry.ts; frontend/src/flow/workflow-graph.ts; frontend/src/flow/editor/control-blocks.ts,无 target；source out 右,主流程恰好一个 start,入口保护规则；不可按节点库新建或删除,WorkflowNodeExecution.result；observations/attempt；控制块内联记录沿用 iteration/branch/scope 查询,已映射
