responsibility,existing_path,existing_symbol,current_revision,evidence,status,planned_change
Theme,frontend/src/theme/ice-theme.ts,createIceTheme / applyIceAppearance,cfe3594d055e1feb988df18041ed9dbedda8bc6b + 当前未提交改动,frontend/src/theme/AppearanceSettings.test.tsx,已验证,集中冰蓝白颜色、Ant Design 与图表配置；减少透明与动效
AppShell,frontend/src/App.tsx; frontend/src/features/navigation/ShellSidebar.tsx,AppShell / ShellSidebar,cfe3594d055e1feb988df18041ed9dbedda8bc6b + 当前未提交改动,frontend/src/App.test.tsx; frontend/src/features/navigation/ShellSidebar.test.tsx,已验证,68px 常用任务栏 + 26 模块目录；保留项目、路由与权限差异
WorkflowEditor,frontend/src/flow/WorkflowDesigner.tsx; frontend/src/flow/WorkflowWorkspaceShell.tsx; frontend/src/flow/WorkflowSettingsEditor.tsx,WorkflowDesigner / WorkflowWorkspaceShell,cfe3594d055e1feb988df18041ed9dbedda8bc6b + 当前未提交改动,frontend/src/flow/WorkflowDesigner.test.tsx; frontend/src/flow/WorkflowWorkspaceShell.test.tsx,已验证,宽屏节点库/轨迹、列表抽屉、320px 检查器；配置/输入输出/校验；流程设置接入草稿和撤销链
NodeRegistry,frontend/src/flow/editor/node-registry.ts; frontend/src/flow/workflow-graph.ts,nodeRegistry / addTypedNode / addProtocolNode,cfe3594d055e1feb988df18041ed9dbedda8bc6b + 当前未提交改动,frontend/src/flow/WorkflowDesigner.test.tsx,已验证,保留 28 类注册项和已有 start；卡片仅增加真实配置摘要
NodeEditSession,frontend/src/flow/WorkflowNodeEditSession.tsx; frontend/src/flow/editor/node-edit-session.ts; frontend/src/flow/editor/use-node-selection-guard.tsx,WorkflowNodeEditSession,cfe3594d055e1feb988df18041ed9dbedda8bc6b + 当前未提交改动,frontend/src/flow/WorkflowNodeEditSession.test.tsx,已验证,节点未应用时提供应用后继续、丢弃和取消；保留节点表单与图草稿边界
DraftSave,frontend/src/features/workflows/use-workflows.ts,saveDraft / saveWorkflowDraftFor,cfe3594d055e1feb988df18041ed9dbedda8bc6b + 当前未提交改动,frontend/src/features/workflows/workflow-save-concurrency.test.tsx,已验证,将已有保存操作放在显著位置；保留提交版本与竞态保护
PublishAndRun,frontend/src/features/workflows/use-workflows.ts; frontend/src/pages/WorkflowsPage.tsx,publish / execute / selectedPublishedVersion,cfe3594d055e1feb988df18041ed9dbedda8bc6b + 当前未提交改动,frontend/src/pages/WorkflowsPage.test.tsx,已验证,发布确认和运行对象不合并；显示冻结快照版本与环境
RunEvidenceQuery,frontend/src/flow/WorkflowRunInspector.tsx; frontend/src/pages/WorkflowsPage.tsx; frontend/src/features/workflows/execution-navigation.ts; frontend/src/flow/WorkflowRunTrajectory.tsx,WorkflowRunInspector / useFailedRecordPage,cfe3594d055e1feb988df18041ed9dbedda8bc6b + 当前未提交改动,frontend/src/flow/WorkflowRunInspector.test.tsx,已验证,节点/尝试深链接、来源/轨迹定位；历史删除流程兼容；失败证据与局部错误保留
APIWorkbench,frontend/src/pages/ApiConsolePage.tsx; frontend/src/features/api-console/APIWorkbench.tsx,ApiConsolePage / APIWorkbench / APIResponseTabs,cfe3594d055e1feb988df18041ed9dbedda8bc6b + 当前未提交改动,frontend/src/pages/ApiConsolePage.test.tsx; frontend/src/features/api-console/APIWorkbench.test.tsx,已验证,目录、请求、响应分区；HTTP 状态与执行断言结论分开
ReportAggregation,frontend/src/pages/ReportsPage.tsx; frontend/src/features/reports/use-reports.ts; frontend/src/features/reports/ReportExecutionWorkspace.tsx,ReportCounts / ExecutionCard / useReports,cfe3594d055e1feb988df18041ed9dbedda8bc6b + 当前未提交改动,frontend/src/pages/ReportsPage.test.tsx,已验证,完整报告轨迹与证据工作区、双向定位画布、请求尝试选择；服务端分页与本页统计范围
PermissionGuards,frontend/src/features/navigation/navigation-config.tsx; frontend/src/pages/OrganizationGovernancePage.tsx; frontend/src/pages/ExecutionFabricPage.tsx; frontend/src/pages/PlatformCapabilitiesPage.tsx,visibleSections / canManage / canRotate / useSystemAdminStatus,cfe3594d055e1feb988df18041ed9dbedda8bc6b + 当前未提交改动,frontend/src/App.test.tsx; frontend/src/pages/OrganizationGovernancePage.test.tsx,已验证,保留组织治理与系统管理员入口差异；未开放能力不增加假操作
CodeEditorAndCharts,frontend/src/styles.css; frontend/src/features/dashboard/DashboardTrendChart.tsx; frontend/src/features/reports/ReportTrendChart.tsx,iceChartTheme / DashboardTrendChart / ReportTrendChart,cfe3594d055e1feb988df18041ed9dbedda8bc6b + 当前未提交改动,frontend/src/pages/DashboardPage.test.tsx; frontend/src/pages/ReportsPage.test.tsx,已验证,白色代码区/Tooltip、图例/单位、无数据状态与减少动效
